engagement_level,improvement_in_learning_outcomes
3.053484602917342,0.506482982171799
2.990126382306477,0.49842022116903634
