engagement_level,improvement_in_learning_outcomes,impact_on_creativity
3.053484602917342,0.506482982171799,3.0279578606158832
2.990126382306477,0.49842022116903634,3.0114533965244865
