Parental Education Level,Failure Rate (%)
0,51.028806584362144
1,48.07692307692308
2,50.53533190578159
3,52.043596730245234
4,61.66666666666667
