engagement_level,improvement_in_learning_outcomes
3.057827926657264,0.4922425952045134
3.075653370013755,0.4896836313617607
2.998561151079137,0.5064748201438849
3.0360230547550433,0.4827089337175792
2.9768451519536905,0.516642547033285
2.993215739484396,0.49118046132971505
3.0107095046854084,0.536813922356091
