Female,Male,Non-binary,Prefer not to say
3.0341463414634147,3.048458149779736,3.0346534653465347,3.0728155339805827
3.0,3.0,2.9952830188679247,2.9095238095238094
3.0052083333333335,2.893939393939394,3.097674418604651,2.952830188679245
3.0533980582524274,2.882051282051282,3.0416666666666665,2.9668246445497632
3.0599078341013826,3.0969387755102042,3.0510204081632653,2.9675675675675675
3.1538461538461537,3.1594827586206895,3.056768558951965,2.952830188679245
