engagement_level,improvement_in_learning_outcomes
3.0508196721311474,0.5385245901639344
3.0180533751962324,0.4976452119309262
3.046456692913386,0.5015748031496063
2.970064724919094,0.47249190938511326
