Parental Support Level,Average GPA
0,1.540128213548832
1,1.7556995428333995
2,1.8842459190369623
3,2.042408754605711
4,2.1915452612459374
