ParentalEducation,0,1,2,3,4
0,4.526748971193416,11.11111111111111,17.28395061728395,16.049382716049383,51.028806584362144
1,4.1208791208791204,11.675824175824175,17.445054945054945,18.681318681318682,48.07692307692308
2,5.139186295503212,11.563169164882227,16.70235546038544,16.059957173447536,50.53533190578159
3,4.35967302452316,10.899182561307901,14.441416893732969,18.256130790190735,52.043596730245234
4,1.6666666666666667,7.5,10.833333333333334,18.333333333333332,61.66666666666667
