ParentalSupport,0,1,2,3,4
0,2.358490566037736,3.7735849056603774,17.452830188679243,15.09433962264151,61.32075471698113
1,2.8629856850715747,7.975460122699387,15.746421267893659,18.200408997955012,55.21472392638037
2,2.1621621621621623,13.108108108108107,16.89189189189189,16.486486486486488,51.35135135135135
3,6.743185078909613,13.199426111908178,16.06886657101865,17.50358680057389,46.48493543758967
4,9.84251968503937,12.992125984251967,15.748031496062993,19.291338582677163,42.125984251968504
