engagement_level,improvement_in_learning_outcomes
3.0476190476190474,0.5166666666666667
2.9765533411488865,0.488862837045721
2.988984088127295,0.48959608323133413
2.9879227053140096,0.5108695652173914
3.045340050377834,0.5062972292191436
3.0806451612903225,0.5023041474654378
