engagement_level,improvement_in_learning_outcomes
3.03670441233893,0.49472862163217496
3.005330053300533,0.5104551045510455
