engagement_level,improvement_in_learning_outcomes,impact_on_creativity
3.0007870916961825,0.5120031483667847,3.032270759543487
3.0427002846685642,0.49247661651077673,3.0065067100447336
