Parental Support Level,Success Rate (%)
0,6.132075471698113
1,10.838445807770961
2,15.27027027027027
3,19.94261119081779
4,22.83464566929134
